id,name,genre1,genre2,year
0,jitidi,drama,tv-show,1988
1,iwewek,adventure,cartoon,2035
2,ijheupi,drama,cartoon,2060
3,daptovcaf,comedy,tv-show,2037
4,vifik,drama,tv-show,2061
5,zapjo,drama,film,1976
6,zomtiza,comedy,cartoon,1997
7,juloko,horror,cartoon,1983
8,devoge,comedy,film,2062
9,zic,comedy,tv-show,1985
10,risuv,adventure,tv-show,1974
11,baro,drama,cartoon,1975
12,fafok,adventure,tv-show,2020
13,natnu,fantasy,tv-show,2067
14,enisuhda,adventure,cartoon,2011
15,fahhot,drama,tv-show,2026
16,owu,horror,film,2026
17,idagiev,fantasy,cartoon,2064
18,tut,comedy,film,1978
19,ha,drama,film,1981
20,lew,comedy,film,2041
21,ifi,drama,cartoon,2068
22,ofofo,comedy,tv-show,2067
23,adzu,drama,film,1992
24,butcofwaf,comedy,cartoon,1980
25,lobwic,adventure,cartoon,2020
26,takusieko,drama,tv-show,2022
27,mob,comedy,tv-show,2010
28,cuh,fantasy,cartoon,2056
29,ikemati,comedy,film,2045
30,atouvmij,fantasy,cartoon,2032
31,be,fantasy,film,2013
32,he,drama,cartoon,2022
33,nega,horror,film,2021
34,zoankog,comedy,tv-show,1994
35,jaatoace,horror,film,1995
36,viowsa,adventure,cartoon,2068
37,aca,adventure,film,2048
38,sal,comedy,cartoon,2058
39,fo,adventure,film,1997
40,pojenip,horror,tv-show,2068
41,pokoz,horror,cartoon,2012
42,homge,fantasy,film,1971
43,rapal,adventure,cartoon,2057
44,apu,drama,tv-show,2028
45,litfe,comedy,cartoon,2005
46,ammo,fantasy,cartoon,2011
47,wibduv,drama,film,2016
48,avootwu,drama,cartoon,2067
49,comadasa,drama,film,2061
50,firpek,fantasy,film,1990
51,ewoicawe,adventure,tv-show,2018
52,jevduzzit,fantasy,film,1995
53,cunowkiw,comedy,tv-show,2005
54,wuovjiw,fantasy,cartoon,1997
55,cumkof,fantasy,tv-show,2060
56,votdoh,horror,tv-show,2003
57,vudse,comedy,tv-show,1998
58,opba,comedy,cartoon,2015
59,apaog,horror,tv-show,2065
60,tafova,adventure,tv-show,2016
61,kusas,horror,tv-show,2034
62,fiuw,comedy,tv-show,2024
63,vobsare,drama,tv-show,2028
64,vih,horror,film,2043
65,amosear,adventure,cartoon,1994
66,vo,comedy,film,2022
67,gu,comedy,film,2036
68,voshumhim,fantasy,cartoon,2029
69,oj,comedy,cartoon,1973
70,nuol,horror,tv-show,2048
71,wohvu,fantasy,tv-show,2069
72,paujunop,drama,film,2035
73,gag,adventure,film,1995
74,niuga,drama,film,2023
75,fiv,adventure,film,1970
76,afu,drama,tv-show,1986
77,pusjuvsed,comedy,film,2000
78,tacpabaj,adventure,tv-show,2040
79,ivuiwu,fantasy,cartoon,2028
80,gowi,fantasy,tv-show,2017
81,juw,fantasy,film,2008
82,huduja,adventure,film,2038
83,fufadji,comedy,film,2034
84,zejazke,comedy,tv-show,1981
85,fo,drama,tv-show,1981
86,afatus,fantasy,cartoon,2008
87,elotudo,adventure,cartoon,2058
88,ojuluko,adventure,cartoon,2045
89,etidi,drama,cartoon,1995
90,bi,horror,film,2062
91,ta,drama,film,2066
92,votjeh,horror,cartoon,2046
93,sak,drama,film,2005
94,sigic,comedy,cartoon,1999
95,hugzo,fantasy,cartoon,2032
96,zudwonwu,drama,cartoon,2003
97,jid,drama,film,2057
98,no,fantasy,cartoon,2041
99,tu,fantasy,tv-show,2070
100,sekeziv,fantasy,film,1988
101,zirdof,horror,cartoon,2000
102,duktav,fantasy,film,2024
103,bom,drama,cartoon,2037
104,ib,comedy,tv-show,2021
105,dijhi,horror,tv-show,1998
106,fim,comedy,tv-show,2062
107,latsil,adventure,tv-show,1980
108,zo,adventure,cartoon,1972
109,fanbono,comedy,tv-show,2051
110,igu,fantasy,tv-show,2017
111,rab,adventure,tv-show,2027
112,fal,adventure,film,1970
113,ikilufigo,adventure,tv-show,2034
114,vipka,horror,cartoon,2067
115,az,adventure,tv-show,2037
116,ozlimi,comedy,film,2050
117,bothet,adventure,cartoon,2013
118,jewesac,adventure,cartoon,2064
119,kajpi,drama,tv-show,2058
120,sembun,horror,film,2033
121,vamolcem,comedy,tv-show,2037
122,napede,fantasy,cartoon,2032
123,mef,adventure,tv-show,2012
124,kigo,comedy,cartoon,2048
125,lu,horror,cartoon,2027
126,je,comedy,film,2023
127,omu,horror,tv-show,1989
128,fiazu,drama,film,2014
129,zapufu,fantasy,film,2012
130,teci,drama,film,2002
131,mi,comedy,tv-show,2056
132,he,horror,tv-show,2014
133,on,fantasy,cartoon,2004
134,av,adventure,cartoon,2021
135,we,adventure,cartoon,2007
136,bo,fantasy,tv-show,2028
137,la,fantasy,cartoon,1970
138,zu,horror,tv-show,1977
139,uviid,drama,film,2065
140,ivekipot,adventure,cartoon,2026
141,zov,horror,tv-show,2053
142,megip,fantasy,cartoon,2038
143,ludvij,drama,cartoon,2065
144,genki,comedy,cartoon,2018
145,ovubegu,fantasy,cartoon,1987
146,owebu,adventure,tv-show,1990
147,tebu,horror,tv-show,2036
148,wudimul,adventure,film,2034
149,utibutfi,horror,cartoon,2063
150,capibej,drama,cartoon,2070
151,opamuwa,comedy,tv-show,2027
152,wa,horror,cartoon,1990
153,iha,fantasy,tv-show,2069
154,aka,horror,tv-show,2028
155,milegol,drama,film,2058
156,an,fantasy,tv-show,2012
157,dutibom,horror,film,2030
158,lu,adventure,cartoon,2002
159,lus,fantasy,cartoon,1994
160,tutbita,adventure,tv-show,1990
161,borib,drama,cartoon,1991
162,mu,comedy,cartoon,2033
163,cowuj,fantasy,tv-show,2012
164,kob,drama,film,1977
165,re,adventure,cartoon,2070
166,laepisi,drama,cartoon,2029
167,esmi,comedy,film,2056
168,wocu,horror,film,2039
169,epa,drama,film,1981
170,sujonped,comedy,film,2022
171,si,adventure,tv-show,2033
172,du,comedy,tv-show,2062
173,zebeco,adventure,cartoon,2026
174,fawguzgun,fantasy,tv-show,1975
175,lorale,horror,film,2041
176,ugew,adventure,film,1993
177,cun,horror,film,1999
178,buome,comedy,tv-show,1996
179,epsebo,horror,tv-show,2013
180,caig,comedy,tv-show,1971
181,jojpan,fantasy,film,2039
182,itake,adventure,cartoon,2035
183,deg,horror,film,1983
184,nol,drama,tv-show,2065
185,fu,fantasy,tv-show,1983
186,wupbo,fantasy,film,1983
187,sumoguv,fantasy,tv-show,2025
188,jed,comedy,film,1998
189,pip,horror,cartoon,2058
190,hivicmup,horror,cartoon,1980
191,no,drama,cartoon,1994
192,ebusu,comedy,film,1972
193,jehoun,horror,tv-show,2008
194,weldare,comedy,film,1972
195,so,adventure,tv-show,2049
196,deh,horror,tv-show,2005
197,vif,comedy,tv-show,2022
198,ipami,fantasy,film,2022
199,nu,horror,film,2048
200,bule,drama,tv-show,1982
201,foz,adventure,tv-show,2066
202,dufzavwuc,fantasy,cartoon,2028
203,mimek,comedy,tv-show,1973
204,aju,comedy,cartoon,2028
205,ko,adventure,cartoon,1996
206,zaive,adventure,tv-show,2050
207,bedmab,comedy,film,1976
208,kaolso,adventure,film,1989
209,iw,horror,cartoon,1991
210,lacko,drama,tv-show,1998
211,lud,fantasy,tv-show,2060
212,vihogpaj,comedy,tv-show,1995
213,kaho,fantasy,film,2056
214,pavo,comedy,cartoon,1993
215,upiefofoj,fantasy,cartoon,2014
216,heseslow,adventure,tv-show,2005
217,vivetoc,horror,tv-show,2045
218,sa,fantasy,tv-show,2005
219,jeepafu,comedy,cartoon,2015
220,rorkutgi,comedy,film,2008
221,ve,drama,film,2055
222,did,horror,cartoon,2049
223,we,fantasy,cartoon,2046
224,je,adventure,film,1992
225,ewviman,fantasy,tv-show,2014
226,ojeogo,horror,tv-show,1993
227,ujripcon,horror,cartoon,1985
228,wuwki,comedy,tv-show,2005
229,lidhoznil,horror,cartoon,2070
230,forilwif,fantasy,cartoon,2009
231,ive,adventure,film,2056
232,av,adventure,film,2044
233,renol,adventure,cartoon,1981
234,dudwut,comedy,film,2044
235,umedwi,horror,cartoon,2061
236,curenlaf,horror,tv-show,1998
237,zel,fantasy,tv-show,2035
238,gilvip,drama,cartoon,2015
239,worbac,drama,tv-show,2022
240,ocuda,comedy,film,1981
241,wezfiw,horror,cartoon,2035
242,imageh,comedy,cartoon,2023
243,tulwav,adventure,tv-show,2048
244,hovper,adventure,film,2064
245,utinowli,fantasy,tv-show,2047
246,on,adventure,cartoon,2042
247,if,adventure,film,2012
248,suz,horror,cartoon,2058
249,ivo,horror,tv-show,2037
250,epuem,comedy,tv-show,1980
251,etrek,drama,film,1991
252,cuvehe,horror,cartoon,1975
253,voshof,adventure,film,2022
254,be,horror,tv-show,1977
255,fot,comedy,cartoon,1997
256,gagceg,comedy,cartoon,1988
257,joh,comedy,tv-show,2051
258,ges,comedy,tv-show,1976
259,ejeinuha,drama,tv-show,1974
260,gas,drama,tv-show,1988
261,wezpas,fantasy,film,2046
262,fevu,comedy,cartoon,2069
263,bagim,comedy,film,1972
264,ninet,horror,tv-show,2032
265,ku,comedy,film,2025
266,efilud,drama,tv-show,2010
267,kazoma,comedy,cartoon,1986
268,za,fantasy,film,2035
269,nilew,adventure,tv-show,2037
270,lurejulo,comedy,cartoon,2038
271,raof,fantasy,film,2010
272,sa,horror,tv-show,2003
273,oroibgar,fantasy,film,1979
274,faplumfuh,horror,film,2003
275,bepigir,drama,cartoon,2060
276,pebwejoko,drama,film,2017
277,gagloh,adventure,cartoon,2047
278,litduj,adventure,film,2070
279,iczaw,comedy,cartoon,1995
280,su,fantasy,tv-show,2036
281,ziilas,horror,tv-show,2064
282,tanouk,horror,tv-show,1998
283,velsojo,comedy,film,2067
284,ujcopet,comedy,cartoon,2053
285,wiz,fantasy,tv-show,2065
286,gacuvdaz,drama,cartoon,1973
287,jedtej,drama,film,1988
288,roj,horror,film,2004
289,diowimi,drama,film,2003
290,ludut,drama,film,2053
291,onabola,adventure,film,1980
292,me,horror,film,2054
293,ecoas,adventure,tv-show,2060
294,soca,adventure,cartoon,1981
295,coleksa,drama,tv-show,2009
296,jodpe,drama,cartoon,2029
297,jukocero,comedy,cartoon,2043
298,se,adventure,film,1999
299,ahas,comedy,tv-show,1984
300,ro,drama,tv-show,2022
301,loltozlaj,horror,cartoon,1987
302,alepasim,adventure,cartoon,2040
303,wuf,horror,tv-show,2047
304,sibavca,fantasy,film,2054
305,cimaf,comedy,tv-show,2025
306,gi,comedy,cartoon,1984
307,izujo,horror,cartoon,2018
308,hu,adventure,film,2031
309,nakradpib,horror,tv-show,2016
310,ha,drama,film,1990
311,ibdi,drama,film,2041
312,he,adventure,film,2029
313,efojuwin,comedy,film,2032
314,hah,horror,tv-show,2024
315,vimezobe,fantasy,cartoon,2031
316,iciheju,horror,tv-show,2030
317,pasgot,horror,tv-show,1971
318,ivowic,fantasy,tv-show,2042
319,pam,comedy,film,2006
320,issavo,fantasy,tv-show,2049
321,paonpo,adventure,film,2019
322,movhubcum,fantasy,cartoon,2040
323,cukfe,comedy,tv-show,2029
324,madcaz,fantasy,tv-show,2017
325,heg,adventure,film,2059
326,inwalgu,horror,tv-show,2068
327,gok,horror,tv-show,2017
328,ceek,adventure,film,2039
329,luj,horror,tv-show,2025
330,ipovfu,comedy,cartoon,1994
331,cav,horror,tv-show,1997
332,ulmurec,horror,tv-show,2043
333,ro,drama,cartoon,2057
334,wen,comedy,film,2045
335,di,drama,cartoon,2033
336,gu,adventure,cartoon,2053
337,nokaz,adventure,tv-show,1981
338,ja,drama,tv-show,2000
339,wim,adventure,tv-show,2054
340,mukbu,fantasy,cartoon,2038
341,ahu,horror,tv-show,1986
342,dispumge,drama,film,1995
343,vuwigmif,comedy,tv-show,2043
344,jeetolu,fantasy,cartoon,1982
345,fewe,comedy,film,2051
346,valwa,drama,film,2048
347,lu,adventure,cartoon,2040
348,moj,comedy,film,1995
349,cekvam,fantasy,cartoon,2035
350,wiro,drama,film,1992
351,upsa,comedy,film,2043
352,wubfe,horror,tv-show,2063
353,risep,fantasy,film,2049
354,dup,drama,tv-show,1982
355,ej,fantasy,cartoon,1995
356,goc,fantasy,film,2068
357,jahivu,drama,film,1994
358,arlih,horror,tv-show,2028
359,wog,comedy,film,2043
360,onauwo,fantasy,tv-show,2004
361,huf,horror,cartoon,2028
362,zivzosruk,comedy,film,2017
363,joumsim,horror,film,2024
364,ajo,drama,cartoon,1982
365,zagguv,fantasy,tv-show,2041
366,cap,comedy,film,2069
367,bu,drama,cartoon,1970
368,jo,drama,tv-show,1994
369,zecfi,adventure,tv-show,2012
370,hijofic,adventure,cartoon,1988
371,la,adventure,film,2016
372,rala,horror,tv-show,1982
373,damuwleh,drama,cartoon,2046
374,mu,fantasy,tv-show,2007
375,mefluflu,fantasy,cartoon,2018
376,icimin,adventure,tv-show,2018
377,juzduz,drama,cartoon,2042
378,vom,comedy,tv-show,2023
379,pah,drama,cartoon,2042
380,pemmilse,fantasy,tv-show,2052
381,uhbutor,comedy,film,1970
382,wuvofred,comedy,tv-show,1999
383,le,fantasy,film,2036
384,pabate,horror,cartoon,2029
385,nodevabuh,fantasy,tv-show,1984
386,raji,horror,tv-show,2047
387,jejlo,adventure,tv-show,2017
388,olujewbil,horror,film,2018
389,ictunku,horror,cartoon,2064
390,ro,drama,film,2068
391,am,comedy,tv-show,2005
392,seguva,horror,film,1973
393,mak,horror,cartoon,2019
394,pi,fantasy,cartoon,2014
395,japuw,horror,cartoon,2009
396,hiswu,drama,film,2058
397,vodin,adventure,tv-show,2036
398,mutivuzig,comedy,film,1990
399,de,horror,cartoon,2061
400,farapufu,adventure,cartoon,2047
401,desgamzew,drama,film,2065
402,jihle,fantasy,film,2050
403,wakvuflej,comedy,tv-show,2048
404,omko,adventure,film,2004
405,zon,fantasy,film,2013
406,reg,drama,tv-show,2021
407,fo,adventure,film,2010
408,meruzez,horror,cartoon,1996
409,linurceh,fantasy,cartoon,2049
410,tu,comedy,cartoon,1995
411,zimfi,adventure,tv-show,2063
412,ficoboamo,comedy,film,2002
413,afmiva,comedy,tv-show,2025
414,fu,adventure,film,2058
415,jow,adventure,film,2041
416,ekawestop,adventure,cartoon,2021
417,anebito,comedy,tv-show,2004
418,fafruh,comedy,film,2066
419,izalumef,horror,tv-show,2028
420,hafpa,fantasy,film,2024
421,asnoj,adventure,tv-show,2037
422,efeeb,comedy,film,2042
423,basipbo,fantasy,tv-show,1972
424,fal,drama,tv-show,2044
425,nozwar,comedy,tv-show,2049
426,beb,fantasy,film,2023
427,efzer,comedy,film,2060
428,molamvu,comedy,cartoon,2021
429,akoka,adventure,film,1982
430,igatar,fantasy,tv-show,2011
431,fafir,comedy,cartoon,2042
432,wan,drama,cartoon,2049
433,ade,drama,film,1992
434,wetozaza,comedy,tv-show,2044
435,mithamtow,horror,cartoon,2032
436,rodeze,adventure,cartoon,2043
437,geb,horror,film,1980
438,mioba,horror,tv-show,2070
439,leefezu,adventure,tv-show,2021
440,asni,adventure,tv-show,2038
441,igawu,horror,film,1983
442,acjahok,drama,cartoon,2048
443,rimfuj,fantasy,film,2027
444,tuj,comedy,film,2057
445,afigurit,drama,tv-show,2004
446,fo,horror,cartoon,2067
447,kuchah,adventure,film,2025
448,keluf,comedy,tv-show,2056
449,rerul,comedy,cartoon,2017
450,le,comedy,tv-show,1992
451,pamipe,drama,tv-show,1970
452,mecdar,drama,cartoon,2002
453,adutef,comedy,film,2059
454,run,fantasy,tv-show,1985
455,sisibuf,horror,cartoon,2015
456,coamzo,comedy,film,1995
457,taptezos,drama,tv-show,2003
458,si,fantasy,tv-show,2065
459,zirrujpo,adventure,cartoon,2001
460,pezala,horror,cartoon,1980
461,wi,horror,tv-show,2017
462,hafiuw,comedy,cartoon,2033
463,maof,fantasy,tv-show,2039
464,ip,comedy,film,1976
465,verrugnup,fantasy,tv-show,1981
466,hesmefa,comedy,film,2040
467,micniiju,comedy,tv-show,1986
468,vofeweg,drama,cartoon,2015
469,etihi,fantasy,tv-show,2007
470,elof,drama,tv-show,2011
471,wed,comedy,tv-show,2044
472,eze,fantasy,film,1991
473,kohcerlo,fantasy,film,2064
474,verer,comedy,tv-show,1971
475,com,comedy,cartoon,2058
476,to,fantasy,film,2070
477,pik,adventure,cartoon,1984
478,bijviha,horror,cartoon,1986
479,vamos,adventure,tv-show,2006
480,wocoto,adventure,tv-show,2043
481,pim,comedy,cartoon,1995
482,lozofube,adventure,film,2050
483,vebbibuc,adventure,cartoon,1997
484,ruiwubo,horror,cartoon,2027
485,ugo,adventure,cartoon,2001
486,mulo,fantasy,film,2011
487,to,adventure,tv-show,2005
488,meildo,horror,cartoon,1989
489,fojuzhi,adventure,cartoon,1975
490,zes,fantasy,tv-show,1992
491,veot,adventure,tv-show,2054
492,kifo,comedy,cartoon,2035
493,ewmo,fantasy,film,1985
494,dahnajja,horror,cartoon,1993
495,volodfi,adventure,cartoon,2065
496,jo,drama,cartoon,2068
497,gete,comedy,film,1978
498,evukeswus,comedy,cartoon,2063
499,ta,drama,cartoon,2025
500,jewu,fantasy,tv-show,2066
501,kenur,drama,cartoon,2058
502,ve,drama,film,1999
503,kokurol,horror,cartoon,1984
504,hilin,horror,tv-show,2034
505,umuuwu,fantasy,tv-show,2061
506,acodeka,fantasy,film,2069
507,favzebok,horror,tv-show,1980
508,an,adventure,cartoon,2013
509,zebvuw,comedy,cartoon,1984
510,bamnel,comedy,tv-show,2039
511,wuc,horror,tv-show,2053
512,masazu,adventure,tv-show,2009
513,jioh,adventure,cartoon,2006
514,fafomo,adventure,cartoon,1981
515,nocbo,adventure,tv-show,2047
516,macef,adventure,film,1987
517,ukinunca,adventure,tv-show,2000
518,sejed,drama,cartoon,1980
519,dupewrol,fantasy,cartoon,2032
520,keuz,drama,cartoon,1989
521,libelhaj,drama,cartoon,2027
522,zuh,horror,tv-show,2044
523,paahifev,drama,cartoon,1989
524,si,fantasy,film,2021
525,sel,drama,film,2020
526,cos,horror,cartoon,2006
527,dufme,adventure,film,2049
528,huhsa,adventure,film,2033
529,pal,drama,tv-show,2022
530,burhatbe,adventure,tv-show,2049
531,otfib,fantasy,cartoon,2040
532,mojba,drama,cartoon,2026
533,sahtij,comedy,film,1981
534,kudarke,drama,cartoon,2058
535,zubejo,adventure,cartoon,1990
536,okukep,horror,tv-show,2030
537,necjis,fantasy,tv-show,2009
538,gowmirike,horror,film,1991
539,ajuzo,comedy,cartoon,2009
540,narci,drama,cartoon,2069
541,rim,adventure,film,2023
542,sailo,fantasy,tv-show,2070
543,vu,adventure,cartoon,2015
544,aru,horror,film,1983
545,pon,horror,film,1985
546,vi,fantasy,film,2064
547,neduw,drama,film,2001
548,paco,comedy,cartoon,1974
549,ko,comedy,tv-show,2043
550,zisetos,fantasy,tv-show,1989
551,ba,drama,cartoon,2028
552,zul,drama,tv-show,1991
553,saduscif,fantasy,cartoon,1997
554,jehdo,adventure,tv-show,2054
555,niam,fantasy,cartoon,2047
556,waw,drama,tv-show,2063
557,fosok,horror,film,1994
558,butfig,comedy,cartoon,1994
559,kicejesu,adventure,cartoon,2061
560,enew,adventure,film,2064
561,cidju,comedy,tv-show,2066
562,epoido,comedy,tv-show,2070
563,fik,comedy,film,2019
564,bakos,drama,film,2049
565,ibiuhi,drama,film,2001
566,peb,drama,film,2062
567,ca,horror,film,2064
568,vafuz,fantasy,film,1970
569,pejhunapu,horror,cartoon,2014
570,ta,comedy,film,2058
571,ug,horror,film,1974
572,fugohhor,fantasy,film,1977
573,wurjub,fantasy,film,2024
574,we,fantasy,film,2022
575,vactebre,fantasy,tv-show,2020
576,jo,fantasy,film,2031
577,ana,comedy,film,1972
578,ahoetgo,horror,film,2055
579,gid,fantasy,tv-show,2066
580,kiaw,adventure,tv-show,2014
581,fecuzta,adventure,tv-show,1978
582,gir,adventure,tv-show,2053
583,capusno,horror,cartoon,2062
584,kotzab,horror,cartoon,2035
585,baapmi,comedy,film,2057
586,jew,adventure,tv-show,2015
587,pusdicge,comedy,film,2017
588,hun,fantasy,tv-show,1974
589,sat,horror,cartoon,2018
590,hefec,drama,film,1975
591,depzacif,comedy,tv-show,1997
592,beamawo,fantasy,tv-show,2026
593,donano,horror,film,2029
594,hiruj,comedy,film,2062
595,kactuwzol,drama,film,2019
596,ocaciovo,fantasy,tv-show,2048
597,kero,adventure,film,2005
598,vuropvoh,horror,cartoon,1979
599,ohaj,drama,cartoon,1974
600,oskegsuh,fantasy,tv-show,2057
601,sonhiwam,adventure,film,2067
602,zebetvi,drama,tv-show,2041
603,ku,adventure,cartoon,2056
604,ut,adventure,tv-show,2052
605,hog,comedy,film,2003
606,fu,horror,film,2053
607,de,adventure,film,2049
608,pa,horror,tv-show,1993
609,jiswo,fantasy,film,2032
610,vurjemnu,fantasy,film,2029
611,fem,fantasy,tv-show,1995
612,uda,comedy,cartoon,2018
613,jugiw,horror,tv-show,1983
614,maof,drama,tv-show,2004
615,imriv,drama,cartoon,2061
616,en,adventure,film,2066
617,oleraveg,comedy,cartoon,2029
618,kujug,adventure,cartoon,1990
619,wevoari,horror,film,1975
620,fa,adventure,cartoon,1983
621,posura,horror,cartoon,1994
622,forogver,horror,cartoon,1989
623,ogogu,drama,film,2020
624,pejeok,drama,cartoon,2047
625,azlosok,adventure,tv-show,1996
626,sim,horror,film,1981
627,ro,adventure,tv-show,1970
628,mi,comedy,film,2029
629,vipelzed,drama,cartoon,1996
630,fivbem,adventure,tv-show,1991
631,zekiwedug,horror,film,1996
632,nogota,drama,cartoon,1978
633,fub,adventure,tv-show,1993
634,funum,drama,cartoon,1977
635,lezatiibu,comedy,tv-show,1999
636,okmuh,adventure,film,2010
637,cijtaoge,comedy,film,2037
638,biwna,drama,cartoon,2015
639,ume,drama,cartoon,2006
640,big,fantasy,cartoon,1973
641,ir,adventure,tv-show,2012
642,ol,fantasy,film,1977
643,de,comedy,cartoon,2067
644,ajbi,drama,cartoon,2029
645,decohopa,horror,tv-show,1995
646,ga,comedy,tv-show,2043
647,duzaw,drama,film,2016
648,boamu,comedy,cartoon,2046
649,racba,horror,tv-show,1972
650,gotre,horror,tv-show,2011
651,jaj,drama,tv-show,2005
652,kuw,adventure,cartoon,2012
653,jaew,drama,film,2031
654,abvibger,adventure,film,2002
655,esi,adventure,tv-show,1985
656,cep,fantasy,tv-show,2035
657,ebo,comedy,tv-show,1991
658,vuilu,adventure,cartoon,2063
659,gij,adventure,cartoon,2027
660,zamwadij,drama,tv-show,2000
661,az,adventure,tv-show,2069
662,sulna,fantasy,cartoon,1979
663,tad,adventure,tv-show,2038
664,jobi,adventure,tv-show,2005
665,zegmuf,comedy,film,2061
666,cizaaw,adventure,tv-show,2068
667,vemugpi,fantasy,cartoon,2057
668,orazag,fantasy,cartoon,2001
669,gum,comedy,film,1997
670,la,drama,cartoon,2034
671,pig,fantasy,film,2041
672,uj,fantasy,cartoon,2014
673,jovol,drama,tv-show,2056
674,nut,fantasy,tv-show,1975
675,mebuce,adventure,cartoon,2029
676,ki,fantasy,film,1976
677,ab,horror,tv-show,1979
678,cuwti,fantasy,cartoon,2053
679,fuh,fantasy,cartoon,2012
680,jeg,comedy,film,2027
681,hibambu,fantasy,film,2007
682,he,fantasy,cartoon,2054
683,keteseno,drama,cartoon,2014
684,bus,comedy,cartoon,2014
685,haelemi,drama,cartoon,2014
686,kebgamo,adventure,tv-show,2025
687,buter,adventure,film,2011
688,laejinu,horror,film,2019
689,cifawakif,comedy,tv-show,2005
690,ruhzagtuh,drama,film,2066
691,jadufla,adventure,tv-show,1997
692,mo,horror,tv-show,1996
693,acu,drama,cartoon,1983
694,vouza,adventure,tv-show,2017
695,nonodag,adventure,cartoon,2051
696,omhaj,adventure,cartoon,1986
697,dojiccob,comedy,film,2070
698,fasviha,drama,tv-show,2016
699,vitahgeh,horror,tv-show,2015
700,map,drama,cartoon,1993
701,uba,adventure,film,1971
702,apcaalo,fantasy,tv-show,2042
703,mewmu,comedy,tv-show,2050
704,nel,drama,cartoon,1975
705,icimoedu,adventure,tv-show,2065
706,pi,fantasy,cartoon,2006
707,ofnen,horror,film,2005
708,fipev,adventure,tv-show,1982
709,bufdaw,horror,cartoon,2017
710,ewokoh,fantasy,tv-show,2003
711,vup,adventure,film,2006
712,geipaka,drama,tv-show,2066
713,riwimto,fantasy,tv-show,2037
714,uwi,adventure,cartoon,2066
715,eregucum,horror,tv-show,1974
716,pa,drama,cartoon,2023
717,zuzvalva,comedy,tv-show,2042
718,duduga,horror,film,1976
719,foczupi,drama,cartoon,2055
720,rezci,adventure,cartoon,2038
721,ridozlud,fantasy,cartoon,2007
722,widze,adventure,cartoon,2054
723,ne,comedy,tv-show,2021
724,hitfup,adventure,cartoon,2030
725,rocem,adventure,film,2037
726,se,horror,tv-show,1987
727,ra,adventure,tv-show,1992
728,ugvajis,drama,film,1986
729,zihiveveb,fantasy,tv-show,1972
730,al,fantasy,film,2069
731,fu,drama,film,1975
732,azi,adventure,film,2056
733,fujgavgi,fantasy,cartoon,2021
734,hokla,fantasy,cartoon,2060
735,ibjud,drama,tv-show,2061
736,da,comedy,tv-show,2039
737,nizsi,fantasy,cartoon,2063
738,wucegi,comedy,tv-show,1972
739,obide,comedy,film,2038
740,ofbahu,adventure,tv-show,2052
741,kom,adventure,tv-show,1982
742,niwjildef,fantasy,cartoon,2006
743,jovogo,adventure,film,2039
744,cowdodcus,fantasy,film,2054
745,lewer,adventure,tv-show,2020
746,lagbu,comedy,cartoon,2058
747,tam,horror,film,1977
748,dipguva,fantasy,cartoon,2029
749,pedlo,adventure,film,2057
750,tejik,drama,cartoon,2069
751,zeil,adventure,cartoon,2002
752,ac,comedy,film,2065
753,ejo,fantasy,film,1970
754,bigha,adventure,cartoon,2038
755,wevehpal,drama,tv-show,2005
756,fa,adventure,cartoon,1973
757,ij,fantasy,tv-show,2040
758,amwujaga,fantasy,film,1988
759,ad,adventure,cartoon,1975
760,ladzit,adventure,tv-show,2070
761,bu,horror,tv-show,2051
762,wadec,adventure,cartoon,2044
763,puhvab,adventure,film,1974
764,kene,horror,tv-show,2018
765,ni,horror,tv-show,1996
766,lid,adventure,cartoon,2045
767,bet,horror,film,1982
768,ziz,adventure,cartoon,1997
769,dopho,horror,cartoon,1992
770,had,fantasy,tv-show,2060
771,hoszoeho,drama,film,1977
772,ewaozdan,drama,film,1994
773,vo,adventure,tv-show,1982
774,monke,adventure,film,1985
775,bo,comedy,cartoon,2036
776,vejiv,drama,tv-show,2050
777,admuvja,comedy,film,2005
778,ocje,adventure,tv-show,2032
779,upviara,fantasy,cartoon,2035
780,vimpukira,comedy,film,2029
781,rocifhus,comedy,cartoon,1975
782,tav,drama,cartoon,1995
783,joluzik,horror,film,1979
784,vo,horror,film,2053
785,sappusap,drama,cartoon,1995
786,dow,comedy,tv-show,2000
787,niv,adventure,tv-show,2068
788,bar,adventure,cartoon,2030
789,fettoz,comedy,film,1974
790,kel,adventure,cartoon,2011
791,kejreto,fantasy,tv-show,2062
792,jusmudma,adventure,film,1980
793,bar,adventure,film,1994
794,hemelo,drama,tv-show,2045
795,non,comedy,tv-show,2056
796,wu,drama,tv-show,1970
797,miin,adventure,tv-show,2001
798,onawtir,adventure,film,2045
799,tepirgal,comedy,film,2036
800,suvolle,horror,cartoon,2059
801,ri,horror,cartoon,2031
802,awa,drama,cartoon,1986
803,ajo,drama,tv-show,1970
804,ravvif,fantasy,tv-show,1990
805,hasot,fantasy,film,2044
806,kiwaf,drama,film,1998
807,luk,fantasy,tv-show,2064
808,er,adventure,tv-show,2055
809,jelufe,drama,tv-show,2025
810,ditorana,adventure,tv-show,1989
811,zalsa,adventure,tv-show,2057
812,sikucgu,horror,film,2005
813,vak,fantasy,tv-show,2036
814,fo,comedy,film,1971
815,vemi,fantasy,cartoon,2053
816,ad,fantasy,cartoon,2002
817,jumragzut,drama,cartoon,2000
818,pesreni,adventure,cartoon,2015
819,ketaju,adventure,cartoon,1994
820,vut,adventure,tv-show,1989
821,wocguro,fantasy,tv-show,2011
822,nim,adventure,cartoon,1983
823,woizefu,adventure,cartoon,2048
824,asauh,adventure,film,2022
825,agace,drama,cartoon,2020
826,safovra,drama,film,2048
827,hoozo,fantasy,film,2062
828,vi,comedy,film,1970
829,cuap,fantasy,cartoon,2020
830,tinud,comedy,tv-show,1999
831,pumkudza,drama,film,2057
832,od,drama,cartoon,2051
833,afepab,comedy,film,1998
834,lockopi,fantasy,tv-show,2019
835,kuibu,comedy,film,2011
836,um,horror,film,2024
837,rofi,adventure,film,2000
838,nakbaok,horror,tv-show,2033
839,tef,drama,tv-show,2024
840,ce,comedy,tv-show,2018
841,jogru,drama,film,2059
842,vuddoroh,comedy,cartoon,2042
843,vorwenih,drama,cartoon,1994
844,nifbingo,drama,film,2031
845,aw,comedy,tv-show,1993
846,resego,horror,cartoon,1997
847,tofocci,fantasy,tv-show,2055
848,hear,drama,tv-show,2042
849,nuvre,horror,tv-show,1996
850,ci,horror,film,1988
851,vofla,drama,tv-show,2007
852,dewfoziv,drama,cartoon,2053
853,joapgi,horror,tv-show,2043
854,joju,fantasy,cartoon,2000
855,nekuno,drama,tv-show,2058
856,kohviz,comedy,tv-show,2042
857,wi,comedy,cartoon,2017
858,eclan,drama,film,2055
859,atajogo,comedy,tv-show,2067
860,korsa,adventure,tv-show,1975
861,cavpon,horror,cartoon,2061
862,fojohni,adventure,cartoon,2011
863,me,adventure,film,2026
864,zisgunloz,comedy,tv-show,2010
865,netkefwaz,adventure,film,1975
866,virlaig,adventure,film,2018
867,sosofo,comedy,cartoon,2012
868,ebbite,comedy,film,2049
869,ve,adventure,tv-show,2038
870,ad,comedy,cartoon,1992
871,ku,fantasy,cartoon,2037
872,co,horror,film,2000
873,habgo,adventure,cartoon,1998
874,kutjegoma,adventure,tv-show,2048
875,kab,drama,film,2015
876,sakdoreg,comedy,film,2054
877,ce,comedy,tv-show,2024
878,cubapi,drama,tv-show,2057
879,gefcodo,horror,film,1996
880,hacu,comedy,tv-show,1980
881,dav,comedy,tv-show,2069
882,fu,drama,tv-show,2032
883,rol,comedy,tv-show,2060
884,uwoaswi,horror,cartoon,2052
885,zaj,drama,cartoon,2052
886,uhhoted,drama,cartoon,2018
887,wujiz,comedy,tv-show,1973
888,dofuj,fantasy,cartoon,2011
889,hilej,horror,tv-show,2041
890,lag,drama,film,2049
891,pawuk,drama,cartoon,2047
892,ziuhedah,fantasy,film,1994
893,oce,drama,film,2030
894,ov,drama,tv-show,2001
895,og,comedy,film,2058
896,efazam,comedy,tv-show,2063
897,muf,drama,film,1990
898,tiz,fantasy,tv-show,2019
899,ahugoara,horror,tv-show,2022
900,himazare,horror,film,2054
901,tieficem,horror,tv-show,2056
902,figcimuz,horror,cartoon,2003
903,buasa,horror,tv-show,2026
904,resra,horror,cartoon,2037
905,ehohuhoh,horror,cartoon,2015
906,wime,fantasy,tv-show,2041
907,salpo,horror,cartoon,2003
908,nelzaktuh,drama,tv-show,2004
909,safle,adventure,cartoon,2038
910,onino,comedy,tv-show,2042
911,sukdi,comedy,tv-show,2058
912,naj,comedy,film,2038
913,elava,fantasy,tv-show,2014
914,dod,drama,film,2002
915,tucsosoce,adventure,film,1974
916,jehih,adventure,cartoon,2031
917,fogsinemu,drama,tv-show,2047
918,vuvelab,horror,tv-show,2020
919,vu,adventure,tv-show,1999
920,tirohomo,horror,tv-show,1995
921,jem,drama,tv-show,2037
922,mavodnog,horror,tv-show,1977
923,rohhinwaj,drama,tv-show,2014
924,joh,comedy,film,2011
925,vojuto,fantasy,tv-show,1999
926,safaz,horror,tv-show,2024
927,cewupjo,drama,tv-show,2061
928,pem,fantasy,tv-show,2036
929,wa,adventure,cartoon,2054
930,ireh,drama,tv-show,1984
931,huvrugkob,comedy,cartoon,1983
932,vudzebpuw,drama,tv-show,2029
933,joghadve,fantasy,film,2026
934,gaakebu,comedy,cartoon,2049
935,bow,comedy,film,2045
936,red,drama,tv-show,2005
937,fi,adventure,cartoon,2023
938,ohlup,horror,film,2031
939,irfe,adventure,cartoon,1971
940,zizit,fantasy,film,1975
941,befiepa,comedy,film,2050
942,golimi,horror,tv-show,2025
943,olozke,adventure,film,2063
944,kim,horror,film,2018
945,fircij,horror,film,2062
946,bukorzu,horror,cartoon,2030
947,mi,horror,tv-show,2042
948,erkek,drama,cartoon,1990
949,virkonu,fantasy,cartoon,2021
950,pikbi,fantasy,film,2001
951,ake,adventure,cartoon,1988
952,akvar,horror,cartoon,1970
953,buzbuovu,fantasy,tv-show,2038
954,imikomewa,adventure,film,2038
955,arfami,drama,tv-show,1994
956,retonwe,drama,film,2054
957,lagub,adventure,tv-show,1984
958,deunse,horror,cartoon,2037
959,rorov,fantasy,tv-show,2009
960,poriizi,drama,cartoon,1984
961,joladopo,adventure,cartoon,1981
962,cudizhiv,adventure,tv-show,1973
963,cukefo,adventure,film,2031
964,ifodi,fantasy,film,2050
965,tefcis,comedy,tv-show,2052
966,otado,comedy,film,2028
967,co,drama,tv-show,1975
968,zu,horror,film,2070
969,ene,drama,cartoon,2053
970,ico,comedy,film,2032
971,arendu,horror,tv-show,2003
972,vokonub,drama,film,1972
973,ufo,adventure,film,2010
974,mora,fantasy,tv-show,2069
975,birru,drama,film,1982
976,anoateziv,adventure,cartoon,2060
977,ac,adventure,cartoon,2031
978,pojku,drama,tv-show,1978
979,goewupe,drama,film,1980
980,guoloro,fantasy,cartoon,1980
981,amo,adventure,film,2026
982,og,comedy,film,2006
983,hehtom,fantasy,tv-show,2065
984,panzij,horror,tv-show,2057
985,he,fantasy,cartoon,2069
986,keget,fantasy,tv-show,1979
987,enuwiun,adventure,cartoon,1978
988,jad,horror,tv-show,1977
989,duile,comedy,film,1991
990,reali,fantasy,tv-show,2061
991,zunofwov,adventure,film,1971
992,ci,horror,cartoon,2028
993,biulmo,horror,cartoon,2029
994,zi,comedy,cartoon,1990
995,cunnambu,drama,film,2018
996,ak,comedy,tv-show,1997
997,befvezef,fantasy,film,2020
998,dadkopvar,drama,tv-show,2069
999,anezu,adventure,cartoon,1994
